WN;Ca14-1;Ca2-1;Ca2-2;Ca16-1;Ca18-1;Ca29-1;Ca28-1;Ca30-1;Ca27-1;Ca26-1;Ca15-1;Ca13-1;Ca21-1;Ca22-1;Ca19-1;Ca19-2;Ca3-1;Ca23-1;Ca10-1;Ca25-1;Ca12-1;Ca7-1;Ca11-1;Ca4-1;Ca6-1;Ca17-1;Ca1-1;Ca20-1;F21-1;F19-1;F25-1;Ca8-1;F26-1;F30-1;F27-1;F29-1;Ce6-1;Ce17-1;Ce20-1;Ce9-1;Ce8-1;Ce21-1;Ce19-1;Ce23-1;F28-1;Ce18-1;Ce15-1;Ce16-1;Ce12-1;R1-1;R7-1;R5-1;R3-1;R8-1;R4-1;R6-1;R27-1;R17-1;R15-1;R9-1;R14-1;R16-1;R2-1;R22-1;R21-1;R12-1;R11-1;R28-1;R13-1;R10-1;R30_1;R29-1;R20-1;R19-1;R23-1;R18-1;R26-1;R24-1
 4.230000e+02; 3.347841e+00; 3.100468e+00; 3.139136e+00; 3.094762e+00; 2.770081e+00; 2.815004e+00; 2.832104e+00; 3.104613e+00; 3.270027e+00; 3.094540e+00; 3.298954e+00; 2.893296e+00; 2.820528e+00; 3.187104e+00; 3.177152e+00; 3.319302e+00; 2.790280e+00; 3.021967e+00; 3.283121e+00; 3.245340e+00; 3.280423e+00; 3.597867e+00; 3.705940e+00; 3.383719e+00; 3.195005e+00; 2.970567e+00; 2.939350e+00; 3.401523e+00; 3.709104e+00; 3.094700e+00; 3.188341e+00; 3.018578e+00; 3.120384e+00; 3.132620e+00; 2.409306e+00; 2.632303e+00; 2.951027e+00; 2.577438e+00; 1.905533e+00; 2.066502e-02; 2.172215e+00; 2.783479e+00; 2.581812e+00; 2.098221e+00; 2.579998e+00; 2.487665e+00; 2.117000e+00; 1.776826e+00; 2.727743e+00; 2.946182e+00; 2.464954e+00; 3.176670e+00; 2.630546e+00; 3.103706e+00; 2.922842e+00; 3.159310e+00; 2.627131e+00; 3.185597e+00; 3.036541e+00; 3.201236e+00; 3.056187e+00; 3.368253e+00; 2.538259e+00; 3.562188e+00; 3.043902e+00; 3.142132e+00; 3.314865e+00; 4.133864e+00; 3.512629e+00; 4.797320e+00; 3.376543e+00; 2.982366e+00; 2.739531e+00; 2.822594e+00; 3.128922e+00; 2.261305e+00; 2.769698e+00; 2.834391e+00
 4.340000e+02; 3.394562e+00; 3.286796e+00; 3.278523e+00; 3.205898e+00; 2.817923e+00; 3.067693e+00; 2.779092e+00; 3.045344e+00; 3.215619e+00; 3.052301e+00; 3.026952e+00; 2.913072e+00; 2.746821e+00; 3.229660e+00; 3.113617e+00; 3.190001e+00; 2.745206e+00; 3.272922e+00; 3.283438e+00; 3.113673e+00; 3.271797e+00; 3.300238e+00; 3.374230e+00; 3.412237e+00; 3.224946e+00; 2.964913e+00; 3.382689e+00; 3.451716e+00; 3.310145e+00; 2.923125e+00; 2.966515e+00; 3.069466e+00; 2.912400e+00; 3.077880e+00; 2.478746e+00; 2.615533e+00; 2.862097e+00; 2.575196e+00; 2.281093e+00; 9.601640e-01; 2.241532e+00; 2.732908e+00; 2.660057e+00; 2.455031e+00; 2.825709e+00; 2.796924e+00; 2.351405e+00; 2.264793e+00; 2.923967e+00; 3.005178e+00; 2.605233e+00; 3.412541e+00; 2.849121e+00; 3.228427e+00; 3.173073e+00; 2.953833e+00; 2.716457e+00; 3.171701e+00; 3.051831e+00; 3.116134e+00; 2.934814e+00; 3.268166e+00; 2.522437e+00; 2.854380e+00; 2.862507e+00; 2.950544e+00; 2.965927e+00; 3.923976e+00; 3.573868e+00; 4.286753e+00; 3.318012e+00; 3.139560e+00; 3.331642e+00; 2.870381e+00; 3.474690e+00; 2.846210e+00; 2.837265e+00; 3.234954e+00
 4.570000e+02; 2.995981e+00; 2.886153e+00; 2.851939e+00; 2.897494e+00; 2.637430e+00; 2.801729e+00; 2.646629e+00; 2.881901e+00; 2.973346e+00; 2.886174e+00; 2.951019e+00; 2.823536e+00; 2.651262e+00; 3.064931e+00; 3.020737e+00; 2.913961e+00; 2.614894e+00; 2.963464e+00; 3.017774e+00; 2.859425e+00; 2.987211e+00; 3.026372e+00; 2.988770e+00; 3.024201e+00; 2.987161e+00; 2.786746e+00; 3.267693e+00; 3.150264e+00; 3.143491e+00; 2.803152e+00; 2.935015e+00; 2.957293e+00; 2.937266e+00; 2.875155e+00; 2.320329e+00; 2.456372e+00; 2.640220e+00; 2.429145e+00; 2.222939e+00; 1.069513e+00; 2.193293e+00; 2.598131e+00; 2.527851e+00; 2.293793e+00; 2.625088e+00; 2.499620e+00; 2.196282e+00; 2.268375e+00; 2.786310e+00; 2.789004e+00; 2.494361e+00; 3.178233e+00; 2.638804e+00; 2.916781e+00; 2.921115e+00; 2.864978e+00; 2.727309e+00; 2.925145e+00; 2.856908e+00; 2.936766e+00; 2.847303e+00; 2.989260e+00; 2.394588e+00; 2.838859e+00; 2.773319e+00; 2.840472e+00; 2.884940e+00; 3.737775e+00; 3.186233e+00; 3.532019e+00; 3.044064e+00; 2.908975e+00; 3.021802e+00; 2.728512e+00; 3.256529e+00; 2.591458e+00; 2.725011e+00; 2.941880e+00
 5.270000e+02; 2.833761e+00; 2.731238e+00; 2.713621e+00; 2.778593e+00; 2.679527e+00; 2.740078e+00; 2.602387e+00; 2.792586e+00; 2.853614e+00; 2.756233e+00; 2.770129e+00; 2.730732e+00; 2.696527e+00; 2.842929e+00; 2.790962e+00; 2.799376e+00; 2.654151e+00; 2.772093e+00; 2.876187e+00; 2.779349e+00; 2.843050e+00; 2.899392e+00; 2.811196e+00; 2.866411e+00; 2.813578e+00; 2.738125e+00; 2.963055e+00; 2.846766e+00; 2.866083e+00; 2.698627e+00; 2.686300e+00; 2.808523e+00; 2.774218e+00; 2.766576e+00; 2.456567e+00; 2.526144e+00; 2.660601e+00; 2.610324e+00; 2.423652e+00; 9.970452e-01; 2.373089e+00; 2.631749e+00; 2.606518e+00; 2.467494e+00; 2.634652e+00; 2.641049e+00; 2.398146e+00; 2.343799e+00; 2.712333e+00; 2.648062e+00; 2.513917e+00; 2.828257e+00; 2.616353e+00; 2.742004e+00; 2.780693e+00; 2.718155e+00; 2.653868e+00; 2.749261e+00; 2.703004e+00; 2.714326e+00; 2.754908e+00; 2.731337e+00; 2.393983e+00; 2.742343e+00; 2.652686e+00; 2.727189e+00; 2.798935e+00; 3.092854e+00; 2.875399e+00; 2.616890e+00; 2.820352e+00; 2.760574e+00; 2.631057e+00; 2.694513e+00; 2.934660e+00; 2.711372e+00; 2.599239e+00; 2.805943e+00
 5.570000e+02; 2.735311e+00; 2.604106e+00; 2.611375e+00; 2.663129e+00; 2.640751e+00; 2.611370e+00; 2.516979e+00; 2.700344e+00; 2.706394e+00; 2.612314e+00; 2.593960e+00; 2.592059e+00; 2.584502e+00; 2.685145e+00; 2.647820e+00; 2.568321e+00; 2.541458e+00; 2.594935e+00; 2.692267e+00; 2.641710e+00; 2.691628e+00; 2.726400e+00; 2.570469e+00; 2.681409e+00; 2.629305e+00; 2.604368e+00; 2.684896e+00; 2.703732e+00; 2.783365e+00; 2.605944e+00; 2.586823e+00; 2.666286e+00; 2.669782e+00; 2.635267e+00; 2.355981e+00; 2.460910e+00; 2.573217e+00; 2.578274e+00; 2.455682e+00; 3.040676e-01; 2.407201e+00; 2.639502e+00; 2.604878e+00; 2.512664e+00; 2.512280e+00; 2.573527e+00; 2.391331e+00; 2.330416e+00; 2.649239e+00; 2.543084e+00; 2.426993e+00; 2.670400e+00; 2.542334e+00; 2.634613e+00; 2.685378e+00; 2.578932e+00; 2.540149e+00; 2.650450e+00; 2.617357e+00; 2.640632e+00; 2.664976e+00; 2.662756e+00; 2.389785e+00; 2.644132e+00; 2.590263e+00; 2.589318e+00; 2.729789e+00; 2.894316e+00; 2.714268e+00; 2.417189e+00; 2.684899e+00; 2.674201e+00; 2.415068e+00; 2.586390e+00; 2.732560e+00; 2.496720e+00; 2.520511e+00; 2.684156e+00
 6.580000e+02; 1.672976e+00; 1.686343e+00; 1.660906e+00; 1.627443e+00; 1.612533e+00; 1.683380e+00; 1.628915e+00; 1.734815e+00; 1.694078e+00; 1.650234e+00; 1.655217e+00; 1.658575e+00; 1.648251e+00; 1.676168e+00; 1.641464e+00; 1.700242e+00; 1.637023e+00; 1.697047e+00; 1.671966e+00; 1.687173e+00; 1.706721e+00; 1.752131e+00; 1.623407e+00; 1.667877e+00; 1.681728e+00; 1.685773e+00; 1.769722e+00; 1.681131e+00; 1.678347e+00; 1.661969e+00; 1.722073e+00; 1.731113e+00; 1.704106e+00; 1.651281e+00; 1.530236e+00; 1.598051e+00; 1.660974e+00; 1.644789e+00; 1.640568e+00; 1.772482e-01; 1.549286e+00; 1.624265e+00; 1.626196e+00; 1.649443e+00; 1.620752e+00; 1.635315e+00; 1.547259e+00; 1.574783e+00; 1.662090e+00; 1.563727e+00; 1.541004e+00; 1.648522e+00; 1.637626e+00; 1.609613e+00; 1.603478e+00; 1.587244e+00; 1.587901e+00; 1.631098e+00; 1.674771e+00; 1.670541e+00; 1.710940e+00; 1.645548e+00; 1.629714e+00; 1.697067e+00; 1.622341e+00; 1.624956e+00; 1.638518e+00; 1.662067e+00; 1.681991e+00; 1.496105e+00; 1.653721e+00; 1.693315e+00; 1.845969e+00; 1.661671e+00; 1.736805e+00; 1.709233e+00; 1.612001e+00; 1.654350e+00
 6.690000e+02; 1.552314e+00; 1.588970e+00; 1.565227e+00; 1.510531e+00; 1.479600e+00; 1.562173e+00; 1.501032e+00; 1.599914e+00; 1.574950e+00; 1.549447e+00; 1.537094e+00; 1.543502e+00; 1.514815e+00; 1.562514e+00; 1.524086e+00; 1.645568e+00; 1.509132e+00; 1.539614e+00; 1.562022e+00; 1.557200e+00; 1.595615e+00; 1.631109e+00; 1.521493e+00; 1.556482e+00; 1.566315e+00; 1.565039e+00; 1.650691e+00; 1.583386e+00; 1.602160e+00; 1.586077e+00; 1.602691e+00; 1.620517e+00; 1.657305e+00; 1.523991e+00; 1.429216e+00; 1.473661e+00; 1.514073e+00; 1.543120e+00; 1.745771e+00; 2.723628e-01; 1.493649e+00; 1.536896e+00; 1.563709e+00; 1.558226e+00; 1.513667e+00; 1.555995e+00; 1.480643e+00; 1.584634e+00; 1.582249e+00; 1.459582e+00; 1.453243e+00; 1.536779e+00; 1.521193e+00; 1.502989e+00; 1.511285e+00; 1.501532e+00; 1.547491e+00; 1.560452e+00; 1.607933e+00; 1.554091e+00; 1.578854e+00; 1.543171e+00; 1.513006e+00; 1.933003e+00; 1.516612e+00; 1.511397e+00; 1.589344e+00; 1.542454e+00; 1.615760e+00; 1.913372e+00; 1.572079e+00; 1.595892e+00; 1.919804e+00; 1.572819e+00; 1.654364e+00; 1.625916e+00; 1.489164e+00; 1.524371e+00
 8.330000e+02; 5.220869e-01; 5.498526e-01; 5.530942e-01; 4.424768e-01; 3.450551e-01; 5.395279e-01; 5.313123e-01; 4.569701e-01; 4.780182e-01; 5.554051e-01; 5.176756e-01; 5.465506e-01; 3.905583e-01; 4.956429e-01; 5.473641e-01; 5.648673e-01; 4.139950e-01; 5.812142e-01; 5.251182e-01; 5.189444e-01; 4.902209e-01; 5.120884e-01; 4.812529e-01; 5.614461e-01; 4.945423e-01; 4.678275e-01; 6.601133e-01; 5.656611e-01; 5.492101e-01; 5.188157e-01; 6.511095e-01; 5.422703e-01; 5.989158e-01; 5.205472e-01; 4.700487e-01; 4.899501e-01; 4.291771e-01; 3.705987e-01; 3.468737e-01;-3.623814e-01; 3.368688e-01; 3.594006e-01; 3.532508e-01; 3.240813e-01; 5.400030e-01; 3.699715e-01; 2.619647e-01; 4.030749e-01; 4.502654e-01; 5.303035e-01; 4.705627e-01; 5.328139e-01; 5.545042e-01; 5.321124e-01; 5.126680e-01; 5.059173e-01; 4.529638e-01; 5.635572e-01; 5.663912e-01; 5.919640e-01; 6.310158e-01; 5.737474e-01; 6.153787e-01; 5.456511e-01; 5.275624e-01; 5.888480e-01; 6.263276e-01; 4.920267e-01; 6.004507e-01; 5.464345e-01; 6.186505e-01; 5.657172e-01; 7.635079e-01; 5.732192e-01; 6.421646e-01; 5.292995e-01; 5.545181e-01; 6.805970e-01
 8.960000e+02; 8.767652e-01; 7.126065e-01; 7.825831e-01; 8.150255e-01; 7.415762e-01; 7.910566e-01; 1.008940e+00; 7.189193e-01; 7.579142e-01; 9.093456e-01; 7.986951e-01; 8.097126e-01; 7.128239e-01; 8.068388e-01; 8.400740e-01; 7.625104e-01; 7.193065e-01; 8.760985e-01; 8.505564e-01; 7.569063e-01; 7.929818e-01; 8.412992e-01; 8.105286e-01; 9.041720e-01; 7.800303e-01; 7.579946e-01; 8.048668e-01; 8.637447e-01; 8.038928e-01; 7.912669e-01; 8.908310e-01; 7.779466e-01; 8.370046e-01; 8.331135e-01; 7.589858e-01; 7.724756e-01; 7.653288e-01; 6.426534e-01; 7.088256e-01;-4.727395e-02; 6.611317e-01; 6.618008e-01; 6.902902e-01; 5.036125e-01; 7.936349e-01; 6.055564e-01; 5.521386e-01; 6.942731e-01; 7.438043e-01; 9.175419e-01; 8.176298e-01; 8.298913e-01; 9.098410e-01; 9.328163e-01; 8.966205e-01; 8.564447e-01; 8.063620e-01; 9.286765e-01; 8.704429e-01; 8.729295e-01; 9.295035e-01; 8.690558e-01; 1.078037e+00; 7.891104e-01; 8.558885e-01; 8.879162e-01; 9.329152e-01; 6.920722e-01; 9.389002e-01; 7.723385e-01; 9.451934e-01; 9.382560e-01; 9.244808e-01; 8.989632e-01; 8.576941e-01; 7.839221e-01; 9.170309e-01; 1.050874e+00
 9.840000e+02; 2.366647e+00; 2.106205e+00; 2.240324e+00; 2.448045e+00; 2.672310e+00; 2.249815e+00; 2.604285e+00; 2.256900e+00; 2.328956e+00; 2.411023e+00; 2.260737e+00; 2.322434e+00; 2.514161e+00; 2.255880e+00; 2.305202e+00; 2.023310e+00; 2.450302e+00; 1.985700e+00; 2.249501e+00; 2.211214e+00; 2.257109e+00; 2.265423e+00; 2.210547e+00; 2.294545e+00; 2.244145e+00; 2.344400e+00; 1.842351e+00; 2.211641e+00; 2.042130e+00; 2.427250e+00; 2.306608e+00; 2.194322e+00; 2.261985e+00; 2.433238e+00; 2.538873e+00; 2.577454e+00; 2.518338e+00; 2.638461e+00; 2.569678e+00; 2.400109e-01; 2.655097e+00; 2.627310e+00; 2.598714e+00; 2.397348e+00; 2.478203e+00; 2.384008e+00; 2.499516e+00; 2.516438e+00; 2.511746e+00; 2.615052e+00; 2.626294e+00; 2.122245e+00; 2.450640e+00; 2.476893e+00; 2.507997e+00; 2.486049e+00; 2.592104e+00; 2.431835e+00; 2.393718e+00; 2.328350e+00; 2.408807e+00; 2.314464e+00; 2.626028e+00; 2.250883e+00; 2.467711e+00; 2.403143e+00; 2.363590e+00; 1.677890e+00; 2.213478e+00; 1.819675e+00; 2.312816e+00; 2.498888e+00; 2.150056e+00; 2.539934e+00; 2.057304e+00; 2.405357e+00; 2.526788e+00; 2.357718e+00
 1.019000e+03; 2.674712e+00; 2.659006e+00; 2.753926e+00; 2.839998e+00; 3.295705e+00; 2.839093e+00; 2.868514e+00; 2.815358e+00; 2.826713e+00; 2.755950e+00; 2.735073e+00; 2.916025e+00; 3.146289e+00; 2.582290e+00; 2.589642e+00; 2.475313e+00; 3.061345e+00; 2.216159e+00; 2.522957e+00; 2.760161e+00; 2.640566e+00; 2.500061e+00; 2.461012e+00; 2.503751e+00; 2.622626e+00; 2.875684e+00; 2.144593e+00; 2.398158e+00; 2.327635e+00; 2.935863e+00; 2.784864e+00; 2.689815e+00; 2.648913e+00; 2.796292e+00; 3.132472e+00; 3.171558e+00; 3.025189e+00; 3.394306e+00; 3.298396e+00; 1.151687e+00; 3.529274e+00; 3.259035e+00; 3.310274e+00; 3.318527e+00; 3.054635e+00; 3.145473e+00; 3.237661e+00; 3.093462e+00; 2.983871e+00; 3.078973e+00; 3.285563e+00; 2.474431e+00; 2.883776e+00; 2.773453e+00; 2.844838e+00; 2.993940e+00; 3.170076e+00; 2.759658e+00; 2.837330e+00; 2.782679e+00; 2.855389e+00; 2.830619e+00; 2.912947e+00; 2.786941e+00; 3.004596e+00; 2.900359e+00; 2.774046e+00; 1.821520e+00; 2.399573e+00; 1.950295e+00; 2.600678e+00; 2.832895e+00; 2.413749e+00; 2.985867e+00; 2.381694e+00; 3.085519e+00; 3.092451e+00; 2.621996e+00
 1.031000e+03; 2.674160e+00; 2.737073e+00; 2.833270e+00; 2.900635e+00; 3.427366e+00; 2.937881e+00; 2.889893e+00; 2.840623e+00; 2.877013e+00; 2.802979e+00; 2.808191e+00; 3.045040e+00; 3.263585e+00; 2.569542e+00; 2.603803e+00; 2.526582e+00; 3.161143e+00; 2.215129e+00; 2.534078e+00; 2.847523e+00; 2.671669e+00; 2.497513e+00; 2.487601e+00; 2.502181e+00; 2.667046e+00; 2.949688e+00; 2.175359e+00; 2.377548e+00; 2.296029e+00; 2.903536e+00; 2.720129e+00; 2.791882e+00; 2.638078e+00; 2.748175e+00; 3.223875e+00; 3.242228e+00; 3.176809e+00; 3.631694e+00; 3.548662e+00; 1.440266e+00; 3.838243e+00; 3.416988e+00; 3.545556e+00; 3.615076e+00; 3.062556e+00; 3.376151e+00; 3.532064e+00; 3.250578e+00; 3.039459e+00; 3.089273e+00; 3.384116e+00; 2.510218e+00; 2.958060e+00; 2.757911e+00; 2.905961e+00; 3.016236e+00; 3.253890e+00; 2.757995e+00; 2.890563e+00; 2.857732e+00; 2.915276e+00; 2.868252e+00; 2.860899e+00; 2.891319e+00; 3.092193e+00; 2.952792e+00; 2.820812e+00; 1.799528e+00; 2.387871e+00; 1.955456e+00; 2.576449e+00; 2.834792e+00; 2.410513e+00; 3.040996e+00; 2.410691e+00; 3.213869e+00; 3.174178e+00; 2.606804e+00
 1.053000e+03; 2.135510e+00; 2.164734e+00; 2.285613e+00; 2.297874e+00; 2.706213e+00; 2.404678e+00; 2.326203e+00; 2.315921e+00; 2.299352e+00; 2.249795e+00; 2.249539e+00; 2.433441e+00; 2.590383e+00; 2.035350e+00; 2.029565e+00; 2.042634e+00; 2.530261e+00; 1.815907e+00; 2.032399e+00; 2.260179e+00; 2.132068e+00; 2.022415e+00; 1.983138e+00; 1.982660e+00; 2.126460e+00; 2.377873e+00; 1.756608e+00; 1.927890e+00; 1.927805e+00; 2.383327e+00; 2.261960e+00; 2.222100e+00; 2.179484e+00; 2.255873e+00; 2.715268e+00; 2.728358e+00; 2.697215e+00; 3.083892e+00; 3.173295e+00; 2.373942e+00; 3.289918e+00; 2.935596e+00; 3.021082e+00; 3.097229e+00; 2.539908e+00; 2.881345e+00; 3.006302e+00; 2.747138e+00; 2.477619e+00; 2.473788e+00; 2.772743e+00; 2.062220e+00; 2.457239e+00; 2.245529e+00; 2.361052e+00; 2.513539e+00; 2.720711e+00; 2.363446e+00; 2.337468e+00; 2.369147e+00; 2.365298e+00; 2.398148e+00; 2.417494e+00; 2.368139e+00; 2.532707e+00; 2.374587e+00; 2.313613e+00; 1.437157e+00; 1.915828e+00; 1.372632e+00; 2.095769e+00; 2.317265e+00; 1.819600e+00; 2.463493e+00; 1.899658e+00; 2.587694e+00; 2.722569e+00; 2.196112e+00
 1.109000e+03; 1.048130e+00; 1.199852e+00; 1.237210e+00; 1.122452e+00; 1.318911e+00; 1.342093e+00; 1.308489e+00; 1.202405e+00; 1.143051e+00; 1.180310e+00; 1.168582e+00; 1.281720e+00; 1.311891e+00; 1.018600e+00; 1.080787e+00; 1.109093e+00; 1.300054e+00; 1.039042e+00; 1.031600e+00; 1.200533e+00; 1.052593e+00; 1.060096e+00; 9.983179e-01; 9.857218e-01; 1.097620e+00; 1.217595e+00; 9.636164e-01; 9.561010e-01; 1.014779e+00; 1.267956e+00; 1.236740e+00; 1.168348e+00; 1.229882e+00; 1.204415e+00; 1.489559e+00; 1.489021e+00; 1.336172e+00; 1.478470e+00; 1.613994e+00; 6.942314e-01; 1.612967e+00; 1.374487e+00; 1.442216e+00; 1.616260e+00; 1.387431e+00; 1.434192e+00; 1.537595e+00; 1.529758e+00; 1.219940e+00; 1.313885e+00; 1.498608e+00; 1.095641e+00; 1.358000e+00; 1.178427e+00; 1.212545e+00; 1.314499e+00; 1.385333e+00; 1.174662e+00; 1.294506e+00; 1.295405e+00; 1.290258e+00; 1.262408e+00; 1.418012e+00; 1.248376e+00; 1.335825e+00; 1.261642e+00; 1.211805e+00; 7.482055e-01; 1.039534e+00; 8.041000e-01; 1.122733e+00; 1.197907e+00; 1.241153e+00; 1.330398e+00; 1.050476e+00; 1.489131e+00; 1.409964e+00; 1.166058e+00
 1.124000e+03; 7.296489e-01; 9.736922e-01; 9.564204e-01; 7.865827e-01; 9.454068e-01; 1.064353e+00; 9.716796e-01; 8.816200e-01; 8.303863e-01; 8.602259e-01; 8.766819e-01; 9.762705e-01; 9.764130e-01; 7.186186e-01; 7.660684e-01; 8.581897e-01; 9.820829e-01; 7.841210e-01; 7.491288e-01; 9.278593e-01; 7.580591e-01; 7.488625e-01; 6.994494e-01; 6.871558e-01; 7.933591e-01; 9.157110e-01; 7.458558e-01; 6.291090e-01; 8.213070e-01; 1.027250e+00; 1.038015e+00; 8.904417e-01; 1.021188e+00; 9.449137e-01; 1.189273e+00; 1.169545e+00; 9.756932e-01; 1.068102e+00; 1.125465e+00; 4.832971e-01; 1.165265e+00; 9.573393e-01; 1.009260e+00; 1.196386e+00; 1.160969e+00; 1.049429e+00; 1.096220e+00; 1.135324e+00; 8.656059e-01; 1.022721e+00; 1.188436e+00; 8.630101e-01; 1.053667e+00; 9.037933e-01; 9.208110e-01; 1.034660e+00; 1.071476e+00; 8.586254e-01; 1.034491e+00; 1.023035e+00; 1.004700e+00; 1.003062e+00; 1.116946e+00; 1.005458e+00; 1.041682e+00; 9.818867e-01; 9.503771e-01; 5.695867e-01; 7.914989e-01; 6.976989e-01; 8.880490e-01; 8.863291e-01; 1.078981e+00; 1.035005e+00; 8.484305e-01; 1.233730e+00; 1.105828e+00; 8.893683e-01
 1.159000e+03; 5.520647e-01; 7.380967e-01; 7.301353e-01; 5.700158e-01; 5.866446e-01; 7.314155e-01; 7.168966e-01; 6.278935e-01; 6.017506e-01; 5.640490e-01; 6.044264e-01; 6.838925e-01; 6.293414e-01; 5.367060e-01; 6.275053e-01; 6.499156e-01; 6.725179e-01; 6.460516e-01; 5.234874e-01; 7.026681e-01; 5.317335e-01; 5.758366e-01; 4.855968e-01; 5.050515e-01; 5.951955e-01; 6.278249e-01; 6.017328e-01; 5.366987e-01; 4.318384e-01; 5.112041e-01; 5.353803e-01; 6.092523e-01; 5.602852e-01; 4.872236e-01; 5.630544e-01; 5.844671e-01; 5.710337e-01; 6.169119e-01; 7.103019e-01; 2.626572e-01; 6.364787e-01; 5.623573e-01; 5.673802e-01; 7.042899e-01; 5.845129e-01; 6.198472e-01; 6.345540e-01; 7.061141e-01; 5.848969e-01; 6.443599e-01; 6.988104e-01; 5.364344e-01; 6.839709e-01; 5.049501e-01; 5.504388e-01; 5.905658e-01; 5.780551e-01; 5.281966e-01; 6.278462e-01; 6.474872e-01; 6.038432e-01; 5.962778e-01; 7.096660e-01; 5.984503e-01; 6.517054e-01; 6.107982e-01; 4.934562e-01; 3.154328e-01; 5.052776e-01; 4.459887e-01; 5.054077e-01; 5.862501e-01; 8.155274e-01; 6.166242e-01; 4.895069e-01; 6.912613e-01; 6.682291e-01; 5.100550e-01
 1.230000e+03; 3.090409e-01; 6.723681e-01; 5.645251e-01; 3.520356e-01; 3.583242e-01; 6.738690e-01; 4.903646e-01; 4.774546e-01; 3.536812e-01; 4.165593e-01; 4.553750e-01; 5.449531e-01; 4.626891e-01; 3.306240e-01; 4.310315e-01; 5.139639e-01; 5.508472e-01; 4.360895e-01; 3.777333e-01; 5.351672e-01; 3.733434e-01; 2.869204e-01; 3.275941e-01; 3.176817e-01; 3.509845e-01; 4.560914e-01; 4.089383e-01; 2.200793e-01; 3.930047e-01; 5.102638e-01; 5.365672e-01; 4.826592e-01; 5.839964e-01; 4.402150e-01; 6.450571e-01; 6.529830e-01; 5.881606e-01; 6.124055e-01; 7.843098e-01; 7.356419e-01; 8.362600e-01; 4.895532e-01; 6.327251e-01; 7.493604e-01; 6.868158e-01; 6.835914e-01; 7.622638e-01; 8.022349e-01; 5.538190e-01; 5.498031e-01; 6.500989e-01; 4.520561e-01; 6.801240e-01; 4.244663e-01; 5.217300e-01; 5.460246e-01; 6.039675e-01; 3.918662e-01; 5.285659e-01; 5.649767e-01; 5.081646e-01; 6.017866e-01; 6.286378e-01; 5.577834e-01; 5.721098e-01; 5.274471e-01; 4.464896e-01; 2.024127e-01; 3.816697e-01; 3.205306e-01; 4.145216e-01; 3.672851e-01; 6.811636e-01; 5.035234e-01; 4.088204e-01; 5.825081e-01; 6.352812e-01; 4.462072e-01
 1.316000e+03; 2.855274e-01; 4.837755e-01; 4.282636e-01; 3.185498e-01; 2.691626e-01; 4.629031e-01; 3.881373e-01; 4.319519e-01; 3.117376e-01; 2.960462e-01; 3.494661e-01; 3.797264e-01; 3.355190e-01; 2.910534e-01; 3.414867e-01; 3.632441e-01; 4.293278e-01; 4.013275e-01; 2.651165e-01; 4.068889e-01; 2.625732e-01; 2.737988e-01; 2.024330e-01; 2.798272e-01; 3.467193e-01; 3.743284e-01; 3.074344e-01; 2.869487e-01; 1.189052e-01; 1.632187e-01; 1.765969e-01; 3.677823e-01; 1.687397e-01; 1.504829e-01; 2.192755e-01; 2.826074e-01; 1.229264e-01; 1.718774e-01; 2.426336e-01; 2.781861e-01; 2.181470e-01; 1.542911e-01; 1.540844e-01; 2.850420e-01; 1.994523e-01; 1.721970e-01; 2.512054e-01; 2.866056e-01; 1.487752e-01; 3.390546e-01; 3.753775e-01; 2.487705e-01; 3.796049e-01; 2.150481e-01; 2.141568e-01; 2.832874e-01; 2.246569e-01; 2.347413e-01; 3.300938e-01; 3.552085e-01; 3.171358e-01; 2.402489e-01; 4.204267e-01; 2.731827e-01; 3.392891e-01; 3.470750e-01; 1.463248e-01; 6.561130e-02; 2.560724e-01; 3.630116e-01; 2.247457e-01; 3.215474e-01; 5.875525e-01; 3.371529e-01; 2.271112e-01; 3.980948e-01; 3.557594e-01; 2.227401e-01
 1.329000e+03; 2.374895e-01; 4.503596e-01; 3.809973e-01; 2.738614e-01; 2.394242e-01; 4.235293e-01; 3.570720e-01; 3.724358e-01; 2.664514e-01; 2.650851e-01; 3.196388e-01; 3.441202e-01; 3.057120e-01; 2.439584e-01; 2.795968e-01; 3.288372e-01; 3.932823e-01; 3.656901e-01; 2.406995e-01; 3.505328e-01; 2.344713e-01; 2.276150e-01; 1.653907e-01; 2.296496e-01; 3.036464e-01; 3.442278e-01; 2.778028e-01; 2.179778e-01; 1.154223e-01; 1.768301e-01; 1.988753e-01; 3.456051e-01; 1.928061e-01; 1.453285e-01; 2.215714e-01; 2.575037e-01; 1.037247e-01; 1.389037e-01; 1.959053e-01; 9.895661e-02; 1.937919e-01; 1.172752e-01; 1.162047e-01; 2.456022e-01; 2.262597e-01; 1.460685e-01; 2.079707e-01; 2.489434e-01; 1.141322e-01; 3.230064e-01; 3.555289e-01; 2.339452e-01; 3.451491e-01; 2.135705e-01; 1.969467e-01; 2.770547e-01; 2.128075e-01; 2.175698e-01; 3.013478e-01; 3.249663e-01; 2.925491e-01; 2.290456e-01; 4.016984e-01; 2.509515e-01; 3.237771e-01; 3.308590e-01; 1.499376e-01; 3.679117e-02; 2.210846e-01; 2.359655e-01; 2.213156e-01; 2.854297e-01; 5.460807e-01; 3.204286e-01; 2.193824e-01; 4.235311e-01; 3.385999e-01; 2.105762e-01
 1.375000e+03; 1.344503e-02; 1.488902e-01; 1.024226e-01; 3.239405e-02; 5.304024e-02; 1.645278e-01; 1.821555e-01; 1.338974e-01; 3.633998e-02; 7.465923e-02; 7.447976e-02; 8.386284e-02; 1.063827e-01; 3.451847e-02; 9.114828e-02; 1.124981e-01; 1.496215e-01; 1.756581e-01; 5.793501e-02; 1.048832e-01; 2.600583e-02; 2.107902e-02;-1.586174e-03; 9.602302e-03; 3.920378e-02; 9.338262e-02; 5.499850e-02;-1.272444e-02; 4.898713e-02; 8.477427e-02; 1.393444e-01; 8.128200e-02; 1.134135e-01; 6.226437e-02; 1.340239e-01; 1.622687e-01; 1.313881e-01; 1.400248e-01; 2.883991e-01; 6.495858e-01; 2.587885e-01; 1.013488e-01; 1.505301e-01; 2.528845e-01; 1.755913e-01; 1.788557e-01; 2.898601e-01; 3.220787e-01; 1.567499e-01; 1.158167e-01; 1.345806e-01; 8.588282e-02; 2.004608e-01; 5.419006e-02; 7.751683e-02; 1.589876e-01; 1.593767e-01; 8.362153e-02; 1.366790e-01; 1.286602e-01; 1.078003e-01; 1.382434e-01; 2.657970e-01; 1.423708e-01; 1.390600e-01; 1.049351e-01; 6.011896e-02;-4.081595e-02; 1.010652e-01; 4.332840e-01; 7.141185e-02; 7.977395e-02; 3.022841e-01; 1.256797e-01; 6.124338e-02; 1.485335e-01; 2.141347e-01; 1.220036e-01
 1.422000e+03;-8.855907e-02; 2.509735e-02;-4.806764e-03;-7.610749e-02; 3.967176e-03; 9.506448e-02; 1.004129e-01; 4.355164e-02;-4.616019e-02; 2.244778e-02;-6.724820e-03;-4.753433e-03; 4.642764e-02;-6.823232e-02; 3.048522e-03; 3.326281e-02; 5.286666e-02; 7.760362e-02;-4.657305e-02; 1.851716e-02;-8.239287e-02;-5.365551e-02;-8.669760e-02;-6.781026e-02;-5.370469e-02;-2.416945e-03; 2.410600e-02;-1.009587e-01; 6.326678e-02; 1.034227e-01; 1.422662e-01;-2.344084e-05; 1.188307e-01; 8.788202e-02; 1.658200e-01; 1.986549e-01; 2.781288e-02; 4.521452e-02; 1.034756e-01; 3.590658e-01; 1.163571e-01; 1.823542e-02; 2.513451e-02; 1.986048e-01; 2.013602e-01; 9.902939e-02; 1.314500e-01; 2.173509e-01; 6.339914e-02; 7.798594e-02; 1.163843e-01; 3.572836e-02; 1.389775e-01; 4.999440e-02; 2.482046e-02; 1.435071e-01; 1.274745e-01; 2.004699e-02; 1.179290e-01; 6.229790e-02; 1.036136e-01; 1.103899e-01; 2.250307e-01; 7.188145e-02; 9.874751e-02; 6.842028e-02; 1.465769e-02;-6.629257e-02; 6.003152e-02; 3.256918e-01; 8.033990e-02; 3.482932e-02; 3.285336e-01; 1.331356e-01; 8.201797e-02; 2.131624e-01; 1.778020e-01; 1.073574e-01
 1.461000e+03;-1.545960e-01; 9.942593e-03;-3.522334e-02;-1.348602e-01;-6.760050e-02; 4.210364e-02; 6.692612e-02;-6.114581e-04;-1.036436e-01;-7.775116e-02;-7.260299e-02;-6.376640e-02;-6.622645e-03;-1.085076e-01;-3.654413e-02; 3.624788e-02; 2.174708e-02; 9.485585e-02;-9.819287e-02;-1.034916e-02;-1.345670e-01;-1.157162e-01;-1.544812e-01;-1.395148e-01;-1.040734e-01;-5.774441e-02;-2.040443e-02;-1.797633e-01;-3.016042e-02;-1.623641e-02; 2.128692e-02;-6.246705e-02; 1.190832e-02;-2.064508e-02; 5.414386e-02; 7.703405e-02;-9.118068e-02;-6.823687e-02;-5.885397e-02; 2.510105e-01;-6.684567e-03;-1.054256e-01;-1.046605e-01; 1.168973e-01; 1.163493e-01; 3.213108e-02; 5.563050e-02; 1.521758e-01;-7.974324e-03; 9.683716e-03; 4.263726e-02;-2.517347e-02; 6.273675e-02;-4.212773e-02;-6.100151e-02; 5.533688e-02; 1.071679e-02;-9.901258e-02; 4.431897e-02; 1.701351e-02; 2.870436e-02; 3.599028e-02; 1.211370e-01; 2.762229e-02; 2.542222e-02; 1.640044e-02;-8.007838e-02;-1.132901e-01;-2.948577e-02; 2.439059e-01;-2.712890e-03;-6.786924e-02; 2.529016e-01; 2.898195e-02; 9.169864e-03; 1.208909e-01; 5.689302e-02;-2.162902e-02
 1.506000e+03;-3.461351e-01;-2.175530e-01;-2.308546e-01;-3.828887e-01;-3.402405e-01;-2.058018e-01;-2.959744e-01;-3.091349e-01;-3.102852e-01;-2.518909e-01;-2.483275e-01;-2.675766e-01;-2.742609e-01;-3.607933e-01;-2.728551e-01;-2.741995e-01;-2.851111e-01;-2.797492e-01;-3.195534e-01;-2.707391e-01;-3.329167e-01;-3.111625e-01;-3.602189e-01;-3.546283e-01;-3.611641e-01;-3.256674e-01;-2.264385e-01;-3.815301e-01;-1.974238e-01;-2.071314e-01;-1.633776e-01;-2.940878e-01;-1.522939e-01;-2.264368e-01;-1.261928e-01;-1.388218e-01;-3.212349e-01;-3.196061e-01;-1.719519e-01; 7.990516e-01;-2.207910e-01;-3.228625e-01;-3.331811e-01;-1.710681e-01;-1.201114e-01;-2.723770e-01;-2.331410e-01;-1.322064e-01;-2.740709e-01;-2.551049e-01;-1.788968e-01;-1.884422e-01;-1.648910e-01;-2.477699e-01;-2.554146e-01;-1.232332e-01;-1.834743e-01;-2.767583e-01;-1.188120e-01;-1.130882e-01;-1.137258e-01;-1.220316e-01;-2.044289e-01; 4.782019e-02;-1.783163e-01;-1.969543e-01;-8.840793e-02;-2.185871e-01; 3.686234e-02; 1.932826e+00;-1.961135e-01;-1.870147e-01; 6.126034e-01;-1.340392e-01;-1.738167e-03; 7.897293e-02;-5.878890e-02;-1.559774e-01
 1.558000e+03;-5.287591e-01;-4.633387e-01;-4.763231e-01;-5.716234e-01;-5.705693e-01;-4.916092e-01;-5.290292e-01;-5.086210e-01;-5.380852e-01;-5.232685e-01;-5.122424e-01;-5.359669e-01;-5.336731e-01;-5.308078e-01;-4.231115e-01;-4.838876e-01;-5.190712e-01;-4.267794e-01;-5.224766e-01;-4.987682e-01;-5.598299e-01;-5.039225e-01;-5.497267e-01;-5.218209e-01;-5.843577e-01;-5.745240e-01;-4.518908e-01;-5.114702e-01;-4.496685e-01;-5.274238e-01;-4.125036e-01;-5.209126e-01;-4.677327e-01;-5.043652e-01;-5.607247e-01;-4.502717e-01;-5.272056e-01;-5.189209e-01;-4.365318e-01; 6.353510e-01;-4.680163e-01;-5.130209e-01;-5.222811e-01;-3.706695e-01;-5.000279e-01;-4.624025e-01;-4.038006e-01;-2.987262e-01;-4.100159e-01;-5.407226e-01;-5.598675e-01;-4.392526e-01;-4.749609e-01;-5.377996e-01;-4.865069e-01;-3.741131e-01;-4.351327e-01;-4.825194e-01;-3.303557e-01;-3.738922e-01;-3.315168e-01;-3.556291e-01;-5.050909e-01;-2.384072e-01;-4.815845e-01;-4.612967e-01;-4.423636e-01;-3.504439e-01;-8.167493e-02; 2.396941e+00;-4.146927e-01;-3.688793e-01; 4.868695e-01;-4.083258e-01;-2.092100e-01;-2.422254e-01;-3.553631e-01;-3.739833e-01
 1.592000e+03;-1.814948e-01; 4.841013e-02;-2.675891e-02;-1.708413e-01;-1.407214e-01;-1.371613e-02;-4.188949e-02;-5.328569e-02;-1.329454e-01;-1.232783e-01;-1.006520e-01;-6.274977e-02;-6.474496e-02;-1.395381e-01;-1.593639e-02; 3.726324e-03;-1.384457e-02; 3.032737e-02;-1.248522e-01;-1.003148e-02;-1.529517e-01;-1.494673e-01;-1.708066e-01;-1.545150e-01;-1.117058e-01;-9.283583e-02;-7.311082e-02;-1.622781e-01;-1.109623e-01;-5.205579e-02; 7.889242e-04;-6.575016e-02;-2.876481e-02;-8.649328e-02; 1.195124e-02; 5.677673e-02;-1.246616e-01;-3.491149e-02;-4.787795e-02; 2.244820e-01; 7.541194e-03;-1.008848e-01;-1.275026e-01; 1.583392e-01; 2.906824e-02;-4.277496e-03; 8.630891e-02; 2.103856e-01; 5.653011e-03;-6.021661e-02;-2.692677e-02;-7.746216e-02;-1.061881e-02;-1.217176e-01;-1.209576e-01;-2.834886e-02;-5.256676e-02;-1.563091e-01;-4.862818e-03;-7.077436e-02;-3.077154e-02;-8.062281e-02; 4.769697e-02;-6.245495e-02;-6.065428e-02;-3.380741e-02;-1.019560e-01;-1.791714e-01;-8.518541e-02; 1.553706e-01;-7.223980e-02;-1.375360e-01; 1.471845e-01;-4.117265e-02;-7.727217e-02; 4.211623e-02;-6.802203e-02;-5.916316e-02
 1.651000e+03;-3.462423e-01;-2.336948e-01;-2.698147e-01;-3.557546e-01;-3.062041e-01;-2.962683e-01;-2.593680e-01;-2.915974e-01;-3.408494e-01;-2.771910e-01;-3.051876e-01;-3.158907e-01;-2.425359e-01;-3.020697e-01;-2.508913e-01;-2.093658e-01;-2.063287e-01;-1.329251e-01;-2.999156e-01;-2.820908e-01;-3.198417e-01;-2.979376e-01;-3.405521e-01;-3.464203e-01;-3.510062e-01;-3.101492e-01;-2.722099e-01;-3.604078e-01;-2.944209e-01;-2.680467e-01;-1.936453e-01;-2.988515e-01;-1.867506e-01;-2.468742e-01;-1.415710e-01;-1.145899e-01;-2.572428e-01;-2.338966e-01;-1.431960e-01; 1.004810e+00;-1.381425e-01;-2.460053e-01;-2.386311e-01; 7.987483e-03;-1.721322e-01;-1.633070e-01;-9.933643e-03; 9.227445e-02;-1.426293e-01;-3.241323e-01;-2.666988e-01;-2.190075e-01;-1.597177e-01;-3.082239e-01;-2.920177e-01;-2.114542e-01;-2.001850e-01;-2.820685e-01;-2.204583e-01;-2.328880e-01;-2.325545e-01;-2.053443e-01;-1.494145e-01;-1.677823e-01;-2.808875e-01;-2.747547e-01;-2.379384e-01;-3.080143e-01;-8.538044e-02; 1.290449e+00;-2.068904e-01;-2.339247e-01; 3.442354e-01;-1.997431e-01;-1.451870e-01;-7.533205e-02;-1.964932e-01;-2.056754e-01
 1.718000e+03;-2.759929e-01;-1.068536e-01;-1.930415e-01;-2.688905e-01;-3.191786e-01;-1.221288e-01;-2.237652e-01;-2.039925e-01;-2.527307e-01;-2.709640e-01;-2.231786e-01;-1.628878e-01;-2.731811e-01;-2.666655e-01;-1.939143e-01;-1.532779e-01;-2.235949e-01;-1.786563e-01;-2.395981e-01;-1.670702e-01;-2.582024e-01;-3.011060e-01;-2.584480e-01;-2.631669e-01;-2.350600e-01;-2.289125e-01;-1.932764e-01;-2.905478e-01;-3.120093e-01;-3.512148e-01;-3.026636e-01;-2.227604e-01;-3.602775e-01;-3.537519e-01;-3.499782e-01;-3.121373e-01;-2.300268e-01;-2.790265e-01;-2.344061e-01;-7.040174e-01;-1.971062e-01;-3.493504e-01;-2.092769e-01;-2.746476e-01;-3.239684e-01;-2.374092e-01;-1.991099e-01;-1.804160e-01;-2.482235e-01;-2.230622e-01;-2.505314e-01;-2.866169e-01;-1.954669e-01;-2.953633e-01;-2.294979e-01;-1.876887e-01;-1.944556e-01;-2.652444e-01;-1.015998e-01;-1.460166e-01;-1.857619e-01;-1.581792e-01;-2.516936e-01;-9.044735e-02;-1.640911e-01;-1.838576e-01;-2.614217e-01;-2.688340e-01;-1.041810e-01; 7.493114e-01;-2.881917e-01;-1.741882e-01; 2.554186e-01;-1.754942e-01;-1.540121e-01;-8.221023e-02;-1.253060e-01;-2.832261e-01
 1.733000e+03;-2.551908e-01;-1.107439e-01;-1.488208e-01;-2.638825e-01;-2.754882e-01;-1.005028e-01;-1.329691e-01;-2.046520e-01;-2.459564e-01;-2.437043e-01;-2.261423e-01;-1.605641e-01;-2.358300e-01;-2.767810e-01;-1.499423e-01;-1.951737e-01;-2.128014e-01;-1.608376e-01;-2.425200e-01;-1.621144e-01;-2.674997e-01;-2.935981e-01;-2.699521e-01;-3.044064e-01;-2.621946e-01;-2.502403e-01;-2.422000e-01;-2.997349e-01;-2.793576e-01;-2.810312e-01;-2.533132e-01;-2.259792e-01;-2.163230e-01;-2.969498e-01;-2.136536e-01;-2.258257e-01;-1.459787e-01;-1.661027e-01;-4.543883e-02;-6.510567e-03;-2.984798e-02;-2.288848e-01;-1.110732e-01;-1.602823e-01;-2.440775e-01;-1.298189e-01;-1.738126e-03; 3.417460e-03;-1.604082e-01;-1.904152e-01;-1.578770e-01;-2.381393e-01;-9.083903e-02;-2.630567e-01;-1.762177e-01;-1.951123e-01;-1.659823e-01;-2.245239e-01;-1.246972e-01;-1.143523e-01;-1.867059e-01;-1.207318e-01;-1.746412e-01;-2.870140e-02;-1.367638e-01;-1.583981e-01;-1.181133e-01;-2.916264e-01;-5.909083e-02; 1.176901e+00;-2.773904e-01;-1.467594e-01; 3.925392e-01;-1.489510e-01;-1.107089e-01;-1.887901e-02;-7.114972e-02;-2.301024e-01
 1.746000e+03;-3.601666e-01;-2.814816e-01;-3.004686e-01;-3.839357e-01;-3.743708e-01;-2.628670e-01;-1.854135e-01;-3.050339e-01;-3.705068e-01;-3.930012e-01;-3.663028e-01;-3.260328e-01;-3.384355e-01;-3.657681e-01;-2.420435e-01;-2.873443e-01;-3.300168e-01;-1.708800e-01;-3.552048e-01;-2.854370e-01;-3.938004e-01;-3.692281e-01;-3.943016e-01;-4.138327e-01;-3.879900e-01;-3.886760e-01;-3.149550e-01;-3.917141e-01;-3.885447e-01;-4.205477e-01;-3.793598e-01;-3.808329e-01;-3.624976e-01;-3.971524e-01;-3.871892e-01;-3.796275e-01;-3.158242e-01;-3.401597e-01;-2.958975e-01; 8.860400e-02;-2.613331e-01;-3.758048e-01;-3.169505e-01;-3.086820e-01;-3.481434e-01;-2.657962e-01;-1.924044e-01;-1.310621e-01;-2.691923e-01;-3.211241e-01;-3.235673e-01;-3.285393e-01;-2.429557e-01;-3.804987e-01;-3.169190e-01;-3.464459e-01;-3.651649e-01;-3.720953e-01;-3.218680e-01;-2.825650e-01;-3.499055e-01;-2.855623e-01;-3.248107e-01;-2.457950e-01;-3.053605e-01;-3.046408e-01;-2.821954e-01;-3.598623e-01;-2.942151e-01; 1.891172e-01;-3.946715e-01;-3.280895e-01; 1.665622e-02;-3.452141e-01;-2.891292e-01;-2.715550e-01;-2.793772e-01;-3.857996e-01
 2.324000e+03;-5.845787e-01;-6.287056e-01;-5.867167e-01;-6.106058e-01;-6.391912e-01;-6.280449e-01;-6.789888e-01;-6.569373e-01;-6.121932e-01;-6.394270e-01;-6.197178e-01;-6.405346e-01;-6.750932e-01;-6.397978e-01;-6.309452e-01;-5.487212e-01;-6.779643e-01;-6.633667e-01;-6.269620e-01;-6.334424e-01;-5.900514e-01;-5.417719e-01;-5.811363e-01;-5.799854e-01;-6.246246e-01;-6.479626e-01;-4.501255e-01;-5.584027e-01;-5.242884e-01;-6.024207e-01;-6.220944e-01;-6.249101e-01;-5.843349e-01;-6.633802e-01;-7.634572e-01;-7.095654e-01;-7.136085e-01;-6.716770e-01;-5.229920e-01;-3.462054e-01;-6.818496e-01;-6.442499e-01;-6.387038e-01;-7.457479e-01;-7.054789e-01;-6.881746e-01;-7.689613e-01;-7.417176e-01;-6.482245e-01;-6.502130e-01;-6.854215e-01;-5.865527e-01;-6.653471e-01;-6.374374e-01;-5.973571e-01;-6.354822e-01;-6.347060e-01;-6.246812e-01;-6.389914e-01;-6.721118e-01;-6.402660e-01;-6.633169e-01;-7.768532e-01;-2.369161e-01;-6.485668e-01;-6.252463e-01;-6.570251e-01;-4.973229e-01;-5.514164e-01;-3.897369e-01;-5.998707e-01;-6.041016e-01;-3.479599e-01;-6.599004e-01;-5.380954e-01;-6.277932e-01;-6.649407e-01;-6.290764e-01
 2.354000e+03;-5.872900e-01;-6.201411e-01;-5.772634e-01;-6.241467e-01;-6.483632e-01;-6.402732e-01;-6.849662e-01;-6.638822e-01;-6.173494e-01;-6.225312e-01;-6.182359e-01;-6.389855e-01;-6.855356e-01;-6.600702e-01;-6.538204e-01;-5.994151e-01;-7.029474e-01;-7.071925e-01;-6.630438e-01;-6.634100e-01;-5.748987e-01;-5.316810e-01;-5.597033e-01;-6.034149e-01;-6.705317e-01;-6.758407e-01;-5.712997e-01;-5.884158e-01;-5.513675e-01;-5.912047e-01;-5.810528e-01;-6.199855e-01;-4.992588e-01;-6.851835e-01;-8.390487e-01;-7.311818e-01;-7.813433e-01;-6.782057e-01;-3.998809e-01;-2.398059e-02;-6.747491e-01;-6.400118e-01;-6.391264e-01;-8.002779e-01;-7.632960e-01;-7.629776e-01;-8.267901e-01;-7.842555e-01;-6.649948e-01;-6.696454e-01;-6.870529e-01;-5.938320e-01;-6.834870e-01;-6.534721e-01;-6.167502e-01;-6.372810e-01;-6.158685e-01;-6.185769e-01;-6.593976e-01;-6.719538e-01;-6.751142e-01;-6.932748e-01;-7.712428e-01;-5.405045e-02;-6.482393e-01;-6.432285e-01;-5.702171e-01;-5.132399e-01;-5.764578e-01;-2.896880e-01;-6.263143e-01;-5.872926e-01;-1.606177e-01;-6.720364e-01;-5.430835e-01;-6.429771e-01;-6.505019e-01;-5.801231e-01
 2.851000e+03;-3.079621e-01;-2.031530e-01;-2.208080e-01;-2.362947e-01;-1.605381e-01;-3.174413e-01;-2.978190e-02;-1.717203e-01;-3.121343e-01;-2.819811e-01;-3.349514e-01;-2.674797e-01;-1.205941e-01;-1.587326e-01;-3.567713e-02;-1.007512e-01;-9.294647e-02;-2.724872e-02;-2.549776e-01;-2.258830e-01;-2.827783e-01;-2.721077e-01;-1.835041e-01;-2.940965e-01;-2.256878e-01;-2.555040e-01;-3.392907e-01;-2.537723e-01;-3.759194e-01;-3.166267e-01;-4.021861e-01;-3.192583e-01;-3.355894e-01;-1.972368e-01;-8.880854e-02;-1.663359e-01;-2.203446e-01;-1.948777e-01;-1.445440e-01; 1.275271e+00;-1.556454e-01;-1.994033e-01;-2.222017e-01;-5.817926e-02;-1.725911e-01;-4.277496e-03;-3.688396e-03; 1.460066e-01;-1.599592e-02;-2.745910e-01;-1.811765e-01;-2.456091e-01;-1.954669e-01;-2.721959e-01;-2.795290e-01;-2.310898e-01;-1.795679e-01;-2.710758e-01;-2.835695e-01;-3.225720e-01;-2.747089e-01;-2.411824e-01;-1.546212e-01;-2.887664e-01;-2.994645e-01;-2.365426e-01;-1.969931e-01;-3.843028e-01;-3.402024e-01;-2.499861e-01;-3.037124e-01;-3.422608e-01;-5.489662e-01;-2.997215e-01;-4.036909e-01;-2.448209e-01;-3.175308e-01;-2.893825e-01
 2.920000e+03;-2.638149e-01;-7.012794e-02;-9.625427e-02;-1.564803e-01;-6.856456e-02;-2.751519e-01; 1.436730e-01;-7.846875e-02;-2.910648e-01;-2.346032e-01;-2.914701e-01;-2.002853e-01; 2.140848e-02;-3.757499e-02; 1.139568e-01; 6.185665e-02; 5.537170e-02; 1.630408e-01;-1.782387e-01;-1.354295e-01;-2.425879e-01;-2.433159e-01;-1.271291e-01;-2.597155e-01;-1.490544e-01;-1.937432e-01;-2.903671e-01;-2.208495e-01;-3.794022e-01;-2.810536e-01;-3.947447e-01;-2.632844e-01;-2.591275e-01;-1.283733e-01; 1.052172e-02;-8.525529e-02;-1.820633e-01;-1.517702e-01; 4.236934e-02; 2.700696e+00;-1.825386e-02;-1.203261e-01;-1.635926e-01; 1.120925e-01;-4.048612e-02; 1.814646e-01; 2.264873e-01; 4.860114e-01; 1.660381e-01;-2.056308e-01;-8.327237e-02;-1.665282e-01;-7.001295e-02;-2.228513e-01;-2.487894e-01;-1.391698e-01;-9.150047e-02;-2.201318e-01;-2.385576e-01;-2.725474e-01;-2.417488e-01;-1.767481e-01;-4.184776e-02;-2.242415e-01;-2.407622e-01;-1.626184e-01;-1.066727e-01;-3.631587e-01;-3.279547e-01;-1.495402e-01;-2.465436e-01;-3.345200e-01;-6.349062e-01;-2.665483e-01;-3.970584e-01;-1.932994e-01;-2.146381e-01;-2.160023e-01
 3.125000e+03;-2.295174e-01;-1.685468e-01;-1.853286e-01;-1.505474e-01;-1.091486e-01;-2.436754e-01;-1.743967e-01;-1.656203e-01;-2.003679e-01;-1.489921e-01;-1.920813e-01;-1.400379e-01;-9.360010e-02;-1.302725e-01;-1.722618e-01;-1.600336e-01;-7.315839e-02;-1.821583e-01;-1.816362e-01;-1.802221e-01;-1.468025e-01;-2.056043e-01;-1.295159e-01;-2.211531e-01;-9.888217e-02;-8.973609e-02;-3.908623e-01;-1.949315e-01;-3.172335e-01;-2.076239e-01;-3.539314e-01;-2.162586e-01;-3.823902e-01;-2.142465e-01;-9.881487e-03;-1.418476e-01;-1.529760e-01;-1.260287e-01;-1.154671e-01; 2.853035e-01;-9.444733e-02;-1.465450e-01;-1.517615e-01;-3.200286e-02;-1.897865e-01;-9.839463e-02; 1.051132e-02;-4.857333e-02;-1.781870e-01;-2.395536e-01;-1.197903e-01;-2.448469e-01;-1.755362e-01;-2.146424e-01;-2.777775e-01;-2.342061e-01;-1.461466e-01;-1.940270e-01;-2.216708e-01;-2.656900e-01;-2.855451e-01;-2.872954e-01;-3.286705e-02;-2.987298e-01;-2.253905e-01;-2.298681e-01;-2.304117e-01;-3.417319e-01;-3.040835e-01;-1.423939e-01;-2.554717e-01;-2.121161e-01;-3.959041e-01;-1.536311e-01;-3.427923e-01;-8.104224e-02;-2.602468e-01;-2.678351e-01
 3.165000e+03;-1.601565e-01;-1.068245e-01;-1.247327e-01;-6.462566e-02; 1.912946e-04;-1.585022e-01;-5.995271e-02;-7.205964e-02;-1.214416e-01;-4.911978e-02;-9.995344e-02;-3.970615e-02; 3.045857e-02;-3.745062e-02;-8.749660e-02;-4.639144e-02; 5.471602e-02;-5.562477e-02;-7.794359e-02;-8.633770e-02;-7.137461e-02;-1.778802e-01;-6.244824e-02;-1.504441e-01;-9.986360e-03; 9.709090e-03;-2.897366e-01;-1.331271e-01;-2.342549e-01;-1.000985e-01;-2.625806e-01;-1.372063e-01;-2.566409e-01;-1.157191e-01; 1.534741e-01; 2.312747e-03;-6.701583e-02;-8.972205e-03;-1.085436e-03; 6.595767e-02; 5.409146e-02;-2.221130e-02;-2.385551e-02; 1.131436e-01;-6.594109e-02; 2.383693e-02; 1.931355e-01; 2.017288e-01;-3.208603e-02;-1.261150e-01; 2.293512e-02;-1.331809e-01;-4.066409e-02;-1.062301e-01;-1.802283e-01;-1.289086e-01;-2.396329e-02;-8.960792e-02;-1.522603e-01;-2.047946e-01;-2.539806e-01;-2.268224e-01; 1.229331e-01;-1.947580e-01;-1.247379e-01;-1.434894e-01;-9.663712e-02;-3.110752e-01;-2.542346e-01;-1.666120e-01;-1.682346e-01;-1.349328e-01;-3.668978e-01;-4.541680e-02;-3.060668e-01; 4.003980e-02;-1.601605e-01;-1.961429e-01
 3.315000e+03;-3.088593e-02;-2.088950e-02; 1.742226e-02; 1.359050e-01; 2.697383e-01;-1.043261e-02; 2.301277e-01; 1.275707e-01; 4.985294e-02; 1.797135e-01; 6.795968e-02; 1.890841e-01; 3.021175e-01; 1.310715e-01; 7.834347e-02; 4.426044e-02; 2.893318e-01;-9.327004e-03; 3.949774e-02; 5.187334e-02; 1.043719e-01;-6.102565e-02; 1.357473e-01;-3.663727e-02; 1.414564e-01; 1.910732e-01;-3.394168e-01;-3.099095e-02;-7.709169e-02; 1.851357e-01;-9.503577e-02; 3.403086e-02;-8.250635e-03; 1.714873e-01; 6.937909e-01; 4.272549e-01; 2.876053e-01; 3.378228e-01; 4.518199e-01; 8.113453e-01; 5.349619e-01; 3.380252e-01; 3.790010e-01; 5.270361e-01; 2.690791e-01; 4.059907e-01; 7.662520e-01; 6.637254e-01; 2.138627e-01; 1.008966e-01; 4.041359e-01; 1.347137e-02; 2.438706e-01; 1.084965e-01; 2.228210e-02; 1.015249e-01; 2.865081e-01; 1.288830e-01; 8.164153e-02;-4.317231e-03;-1.206626e-01; 1.761488e-03; 4.390339e-01; 6.659475e-02; 1.133237e-01; 3.892402e-02; 2.295199e-01;-2.402964e-01;-1.456047e-01;-1.375964e-02;-3.531588e-04; 3.967375e-02;-2.161131e-01; 2.217580e-01;-1.592194e-01; 5.303377e-01; 9.543224e-02; 2.007558e-02
 3.515000e+03;-4.425787e-01;-4.791322e-01;-4.583263e-01;-3.877222e-01;-3.371877e-01;-4.227120e-01;-3.614645e-01;-3.882286e-01;-4.138905e-01;-3.981396e-01;-4.287304e-01;-3.993512e-01;-3.300674e-01;-3.984983e-01;-4.623485e-01;-4.422537e-01;-3.406758e-01;-4.015963e-01;-3.988291e-01;-4.209160e-01;-3.754786e-01;-4.403120e-01;-3.341556e-01;-4.606475e-01;-3.559168e-01;-3.453966e-01;-4.085152e-01;-4.651304e-01;-4.719587e-01;-3.459315e-01;-4.583844e-01;-4.329765e-01;-4.474849e-01;-3.185470e-01;-1.157096e-01;-2.708021e-01;-2.788854e-01;-3.077576e-01;-2.885802e-01; 1.216029e-01;-2.183828e-01;-3.131082e-01;-2.776541e-01;-2.607336e-01;-3.135836e-01;-2.854607e-01;-1.131665e-01;-1.984760e-01;-3.753260e-01;-3.930254e-01;-2.775329e-01;-4.061720e-01;-3.358440e-01;-3.667078e-01;-4.367043e-01;-4.092545e-01;-3.477164e-01;-3.949990e-01;-4.058585e-01;-4.540010e-01;-5.151984e-01;-4.880877e-01;-2.643070e-01;-4.335406e-01;-3.912030e-01;-4.504936e-01;-3.305670e-01;-4.392589e-01;-5.077694e-01;-5.556909e-01;-4.166632e-01;-4.241507e-01;-5.404561e-01;-3.748543e-01;-5.139223e-01;-2.232779e-01;-4.217945e-01;-4.632013e-01
